{
    "accuracy": 0.9824561403508771,
    "precision": 0.9814814814814815,
    "recall": 0.9906542056074766,
    "f1_score": 0.986046511627907
}